id,participant_id,responses,submitted_at,ip_address,device_type
02c3aa53-085d-4167-80f9-b40db669b6b7,ed06f6e9-c278-47f8-b36b-ce7e800f0ffa,"{""q2_gender"":""male"",""q1_age_group"":""25-34"",""q3_education"":""master"",""q5_nationality"":""German"",""q7_ai_familiarity"":7,""q8_attention_check"":1,""q10_additional_info"":""Amazon"",""q4_employment_status"":""employed"",""q6_country_residence"":""Germany"",""q9_ai_usage_frequency"":""more-than-10""}",2025-11-10 15:22:55.524409+00,5.42.207.10,mobile
052f9128-30eb-4810-8e64-c50585226a8c,c4a5a564-a784-476b-98ca-39f21fdfba45,"{""q2_gender"":""female"",""q1_age_group"":""18-24"",""q3_education"":""bachelor"",""q5_nationality"":""Japanese"",""q7_ai_familiarity"":5,""q8_attention_check"":1,""q10_additional_info"":""google, amazon"",""q4_employment_status"":""student"",""q6_country_residence"":""Japan"",""q9_ai_usage_frequency"":""6-10-times""}",2025-11-09 07:30:55.675367+00,133.201.66.224,desktop
05d2c4ff-82eb-41bf-865b-9d0eb6f3b0f1,6d381a6c-8430-4f74-ad84-22bd364e1792,"{""q2_gender"":""female"",""q1_age_group"":""25-34"",""q3_education"":""master"",""q5_nationality"":""Taiwan"",""q7_ai_familiarity"":4,""q8_attention_check"":4,""q10_additional_info"":""Google"",""q4_employment_status"":""employed"",""q6_country_residence"":""Germany"",""q9_ai_usage_frequency"":""3-5-times""}",2025-10-24 18:22:35.320388+00,176.0.128.140,mobile
06fbdff7-2038-4b8c-859b-834770bd2f38,c0a15a96-9b84-4a72-aeb8-04914a6c89b6,"{""q2_gender"":""female"",""q1_age_group"":""under-18"",""q3_education"":""high-school"",""q5_nationality"":""Canada"",""q7_ai_familiarity"":6,""q8_attention_check"":1,""q10_additional_info"":""Google"",""q4_employment_status"":""student"",""q6_country_residence"":""Canada"",""q9_ai_usage_frequency"":""6-10-times""}",2025-11-09 19:04:02.599507+00,198.96.87.229,desktop
072b63e2-4122-49fe-8dca-38c83d9dc3ba,53064d35-2ae7-4a8d-b9c6-89edcf501359,"{""q2_gender"":""male"",""q1_age_group"":""18-24"",""q3_education"":""high-school"",""q5_nationality"":""Italian "",""q7_ai_familiarity"":3,""q8_attention_check"":3,""q10_additional_info"":""Google, Amazon"",""q4_employment_status"":""student"",""q6_country_residence"":""Switzerland "",""q9_ai_usage_frequency"":""3-5-times""}",2025-10-29 09:45:34.170707+00,37.159.107.233,mobile
08165937-c34b-4b69-987f-161bc4da976c,8f71322f-e904-4f23-80ff-0d9d8268cca9,"{""q2_gender"":""female"",""q1_age_group"":""25-34"",""q3_education"":""master"",""q5_nationality"":""Vietnamese"",""q7_ai_familiarity"":2,""q8_attention_check"":1,""q10_additional_info"":""Google"",""q4_employment_status"":""employed"",""q6_country_residence"":""German"",""q9_ai_usage_frequency"":""0-times""}",2025-11-01 18:53:27.759466+00,94.31.71.164,mobile
0d42596a-58e6-4fae-8403-d11cede10d90,68d32c3d-c0b6-4be2-8921-4e44df70b5ec,"{""q2_gender"":""male"",""q1_age_group"":""25-34"",""q3_education"":""bachelor"",""q5_nationality"":""Thai"",""q7_ai_familiarity"":2,""q8_attention_check"":3,""q10_additional_info"":""Shoppy"",""q4_employment_status"":""employed"",""q6_country_residence"":""Chiangmai"",""q9_ai_usage_frequency"":""1-2-times""}",2025-11-09 09:56:56.27333+00,49.228.198.178,desktop
0f190ebc-2bda-412b-ae18-96fbeb5f308b,d93d09fa-66e9-4149-bf0b-188c0c466fce,"{""q2_gender"":""female"",""q1_age_group"":""18-24"",""q3_education"":""bachelor"",""q5_nationality"":""German"",""q7_ai_familiarity"":7,""q8_attention_check"":1,""q10_additional_info"":""Google"",""q4_employment_status"":""student"",""q6_country_residence"":""Germany"",""q9_ai_usage_frequency"":""1-2-times""}",2025-10-26 13:38:51.464226+00,109.192.255.38,mobile
10d779cb-e989-4b81-a073-6fdb6251b150,a3b5cbcf-8756-4a67-ac1d-4cd527e21831,"{""q2_gender"":""male"",""q1_age_group"":""18-24"",""q3_education"":""high-school"",""q5_nationality"":""switzerland"",""q7_ai_familiarity"":7,""q8_attention_check"":2,""q10_additional_info"":""zalando"",""q4_employment_status"":""student"",""q6_country_residence"":""switzerland "",""q9_ai_usage_frequency"":""more-than-10""}",2025-10-29 09:34:55.363741+00,176.223.172.170,mobile
131bd1b0-4b46-49b3-8250-7b2bc464129e,7fd80146-45d4-4ec9-9b58-d8074ab04ba5,"{""q2_gender"":""female"",""q1_age_group"":""25-34"",""q3_education"":""master"",""q5_nationality"":""Vietnamese"",""q7_ai_familiarity"":7,""q8_attention_check"":6,""q10_additional_info"":""Google"",""q4_employment_status"":""student"",""q6_country_residence"":""Germany"",""q9_ai_usage_frequency"":""more-than-10""}",2025-10-24 11:52:46.800553+00,153.92.90.3,desktop
141404bb-2d4f-47be-bdea-2fa2357b41c1,dff30e7b-01b7-49ba-b31c-1ae0e4091112,"{""q2_gender"":""male"",""q1_age_group"":""35-44"",""q3_education"":""master"",""q5_nationality"":""Brazilian"",""q7_ai_familiarity"":7,""q8_attention_check"":1,""q10_additional_info"":""Amazon"",""q4_employment_status"":""employed"",""q6_country_residence"":""UK"",""q9_ai_usage_frequency"":""more-than-10""}",2025-11-06 20:12:07.422482+00,81.106.246.220,desktop
144e47da-4fed-4569-ba82-dcb95ef307e4,0bc7fbaf-9ca3-4fd7-931b-56e6263ba7ba,"{""q2_gender"":""male"",""q1_age_group"":""25-34"",""q3_education"":""master"",""q5_nationality"":""Bangladeshi"",""q7_ai_familiarity"":6,""q8_attention_check"":1,""q10_additional_info"":""Google"",""q4_employment_status"":""employed"",""q6_country_residence"":""Germany"",""q9_ai_usage_frequency"":""more-than-10""}",2025-10-28 08:21:14.919278+00,88.130.217.102,mobile
1898c381-27c8-4cb8-8c33-c5bd720f4ff1,e98964ae-fbfd-42ee-9e6e-20b332d1a03d,"{""q2_gender"":""male"",""q1_age_group"":""55-and-above"",""q3_education"":""master"",""q5_nationality"":""Grrek"",""q7_ai_familiarity"":7,""q8_attention_check"":1,""q10_additional_info"":""Google"",""q4_employment_status"":""employed"",""q6_country_residence"":""Greece"",""q9_ai_usage_frequency"":""more-than-10""}",2025-11-10 10:25:53.044639+00,194.219.171.2,desktop
190e4288-282d-4ba2-8c6a-57d04d0c6465,56e55a8c-87fe-4118-9a5f-a598ac2c3d22,"{""q2_gender"":""female"",""q1_age_group"":""under-18"",""q3_education"":""high-school"",""q5_nationality"":""Libyan"",""q7_ai_familiarity"":7,""q8_attention_check"":1,""q10_additional_info"":""Amazon"",""q4_employment_status"":""student"",""q6_country_residence"":""Canada"",""q9_ai_usage_frequency"":""more-than-10""}",2025-11-09 03:41:45.83267+00,174.112.73.50,desktop
1c5719fb-d5cd-4c67-a02c-8b946f462672,abe1b85d-3fc9-4c16-8bc8-736600dbbbf4,"{""q2_gender"":""female"",""q1_age_group"":""25-34"",""q3_education"":""master"",""q5_nationality"":""Vietnamese"",""q7_ai_familiarity"":2,""q8_attention_check"":1,""q10_additional_info"":""Google"",""q4_employment_status"":""employed"",""q6_country_residence"":""German"",""q9_ai_usage_frequency"":""0-times""}",2025-11-01 18:31:51.11399+00,94.31.71.164,mobile
1cb2e4f5-cce7-4894-80ec-78d0ff204eac,15ef74b6-a61a-474c-b855-696b20ce58fb,"{""q2_gender"":""male"",""q1_age_group"":""55-and-above"",""q3_education"":""master"",""q5_nationality"":""German"",""q7_ai_familiarity"":1,""q8_attention_check"":1,""q10_additional_info"":""Google"",""q4_employment_status"":""employed"",""q6_country_residence"":""Germany"",""q9_ai_usage_frequency"":""0-times""}",2025-10-24 14:12:35.527412+00,213.146.69.174,desktop
1ddbbab4-a925-41dd-ac65-092765c45b73,d9441a08-a4a9-4be5-bbd3-a76c64d2c3bd,"{""q2_gender"":""female"",""q1_age_group"":""25-34"",""q3_education"":""master"",""q5_nationality"":""Turkish"",""q7_ai_familiarity"":6,""q8_attention_check"":1,""q10_additional_info"":""Google"",""q4_employment_status"":""employed"",""q6_country_residence"":""Germany"",""q9_ai_usage_frequency"":""more-than-10""}",2025-10-29 17:30:28.07683+00,141.70.80.34,mobile
211729c4-743e-4510-aa0c-5af6e1bd9785,10011af3-ac90-42b3-9235-9668f35f39a0,"{""q2_gender"":""female"",""q1_age_group"":""18-24"",""q3_education"":""master"",""q5_nationality"":""french"",""q7_ai_familiarity"":5,""q8_attention_check"":7,""q10_additional_info"":""google"",""q4_employment_status"":""student"",""q6_country_residence"":""france"",""q9_ai_usage_frequency"":""1-2-times""}",2025-11-09 21:01:02.578723+00,88.184.53.216,desktop
2ab6fa03-32f7-46c0-9a76-22d7672e5931,f4af8644-ec61-47f0-b946-d706c1c802b1,"{""q2_gender"":""female"",""q1_age_group"":""25-34"",""q3_education"":""master"",""q5_nationality"":""Nepalese"",""q7_ai_familiarity"":7,""q8_attention_check"":1,""q10_additional_info"":""Google, Safari "",""q4_employment_status"":""unemployed"",""q6_country_residence"":""Germany "",""q9_ai_usage_frequency"":""more-than-10""}",2025-10-27 16:26:14.338139+00,88.130.217.103,mobile
2cf34d0e-1db6-4f69-b63e-b19a8ce508e1,3409f5be-93f2-44f4-8edb-910e95126257,"{""q2_gender"":""female"",""q1_age_group"":""25-34"",""q3_education"":""bachelor"",""q5_nationality"":""British"",""q7_ai_familiarity"":5,""q8_attention_check"":1,""q10_additional_info"":""Google"",""q4_employment_status"":""employed"",""q6_country_residence"":""Uk"",""q9_ai_usage_frequency"":""1-2-times""}",2025-11-10 07:23:32.649361+00,82.132.245.134,mobile
2e7da6d9-233f-4c09-a1b2-0e24566a101a,6f950bea-dffd-4c60-8648-6b643e84d277,"{""q2_gender"":""female"",""q1_age_group"":""35-44"",""q3_education"":""master"",""q5_nationality"":""French"",""q7_ai_familiarity"":3,""q8_attention_check"":1,""q10_additional_info"":""Google"",""q4_employment_status"":""employed"",""q6_country_residence"":""France"",""q9_ai_usage_frequency"":""0-times""}",2025-10-31 09:22:38.07569+00,86.202.112.51,desktop
31f40030-ace5-4a60-a652-a2a92efc9029,c78792c8-f528-44d6-b30a-4f1c09ff66b0,"{""q2_gender"":""female"",""q1_age_group"":""18-24"",""q3_education"":""bachelor"",""q5_nationality"":""german"",""q7_ai_familiarity"":6,""q8_attention_check"":1,""q10_additional_info"":""Google, Amazon, TikTok"",""q4_employment_status"":""student"",""q6_country_residence"":""Netherlands "",""q9_ai_usage_frequency"":""more-than-10""}",2025-11-09 09:24:56.425365+00,46.244.8.115,desktop
32dc3062-3b15-4a66-9940-e69254905a0c,52310d5e-4998-414c-896b-3751e9bfdf26,"{""q2_gender"":""female"",""q1_age_group"":""25-34"",""q3_education"":""master"",""q5_nationality"":""Nepalese "",""q7_ai_familiarity"":7,""q8_attention_check"":1,""q10_additional_info"":""Google, Safari"",""q4_employment_status"":""unemployed"",""q6_country_residence"":""Germany "",""q9_ai_usage_frequency"":""more-than-10""}",2025-10-27 16:40:52.073648+00,88.130.217.103,mobile
333d0cff-3557-4fd4-9eec-a85d1d9844a5,c1a09c9f-11bf-4476-8a05-ee16a52c4d15,"{""q2_gender"":""male"",""q1_age_group"":""25-34"",""q3_education"":""bachelor"",""q5_nationality"":""Polish"",""q7_ai_familiarity"":5,""q8_attention_check"":1,""q10_additional_info"":""Google"",""q4_employment_status"":""employed"",""q6_country_residence"":""Poland"",""q9_ai_usage_frequency"":""3-5-times""}",2025-11-04 21:58:31.968416+00,80.49.165.148,desktop
3341c116-ef1f-47fb-b34d-716ef21daf1d,2fe004ca-a69f-44a0-b41b-789be0efbc65,"{""q2_gender"":""female"",""q1_age_group"":""25-34"",""q3_education"":""master"",""q5_nationality"":""Vietnamese-German"",""q7_ai_familiarity"":3,""q8_attention_check"":3,""q10_additional_info"":""Google"",""q4_employment_status"":""employed"",""q6_country_residence"":""germany"",""q9_ai_usage_frequency"":""0-times""}",2025-10-26 15:26:57.482312+00,84.176.238.16,mobile
338eef46-d4ab-4dd4-8e96-221f78dc984f,46cecb39-9314-46cc-96d1-cab8d848b582,"{""q2_gender"":""female"",""q1_age_group"":""18-24"",""q3_education"":""high-school"",""q5_nationality"":""Italian"",""q7_ai_familiarity"":3,""q8_attention_check"":1,""q10_additional_info"":""Google"",""q4_employment_status"":""student"",""q6_country_residence"":""Switzerland"",""q9_ai_usage_frequency"":""0-times""}",2025-10-29 09:35:22.852639+00,194.230.145.197,mobile
341e0587-461e-45d8-b15d-110db61dcfb2,ed6175c1-1a79-4e62-8c08-086d4003d715,"{""q2_gender"":""male"",""q1_age_group"":""18-24"",""q3_education"":""high-school"",""q5_nationality"":""Italian"",""q7_ai_familiarity"":6,""q8_attention_check"":1,""q10_additional_info"":""Google, amazon"",""q4_employment_status"":""student"",""q6_country_residence"":""Italy"",""q9_ai_usage_frequency"":""more-than-10""}",2025-10-29 09:59:40.966168+00,93.44.19.47,mobile
35aeeae0-1c5a-4b86-abdc-c4182e91a753,861bf96c-d651-4073-b365-7b9326bed46b,"{""q2_gender"":""female"",""q1_age_group"":""18-24"",""q3_education"":""high-school"",""q5_nationality"":""Lithuanian"",""q7_ai_familiarity"":7,""q8_attention_check"":1,""q10_additional_info"":""Google"",""q4_employment_status"":""employed"",""q6_country_residence"":""Lithuania"",""q9_ai_usage_frequency"":""6-10-times""}",2025-11-09 11:19:18.571755+00,84.15.183.238,desktop
362bc3d3-dfb9-4dd9-a5ff-67e03558fa03,5616d1ae-0beb-4ccf-8165-8d2e0446c46a,"{""q2_gender"":""female"",""q1_age_group"":""18-24"",""q3_education"":""bachelor"",""q5_nationality"":""Czech"",""q7_ai_familiarity"":7,""q8_attention_check"":1,""q10_additional_info"":""Google"",""q4_employment_status"":""student"",""q6_country_residence"":""Czechia"",""q9_ai_usage_frequency"":""more-than-10""}",2025-11-09 04:57:28.591263+00,46.135.59.69,desktop
366696e5-4e10-489a-bc24-988124cdd62f,93081367-9d78-4f2e-a191-0b9bd3d846ce,"{""q2_gender"":""female"",""q1_age_group"":""18-24"",""q3_education"":""high-school"",""q5_nationality"":""italian"",""q7_ai_familiarity"":7,""q8_attention_check"":7,""q10_additional_info"":""amazon shein"",""q4_employment_status"":""unemployed"",""q6_country_residence"":""italy"",""q9_ai_usage_frequency"":""6-10-times""}",2025-10-29 09:36:42.79552+00,194.230.145.132,mobile
3a885941-9e2d-4ca2-b540-6db66a83d258,3dc7a02f-4c0e-470e-b5ab-f7eb8451f9c6,"{""q2_gender"":""male"",""q1_age_group"":""18-24"",""q3_education"":""master"",""q5_nationality"":""Italian"",""q7_ai_familiarity"":6,""q8_attention_check"":6,""q10_additional_info"":""None"",""q4_employment_status"":""student"",""q6_country_residence"":""Italy"",""q9_ai_usage_frequency"":""3-5-times""}",2025-10-29 14:06:24.758041+00,195.176.44.39,mobile
3c6d3d60-96ee-48c1-84de-b6e3485a0c3b,d6939226-3b6f-4d7b-99ab-d4c3c1db64e6,"{""q2_gender"":""female"",""q1_age_group"":""25-34"",""q3_education"":""master"",""q5_nationality"":""UK"",""q7_ai_familiarity"":5,""q8_attention_check"":1,""q10_additional_info"":""Google,  Amazon "",""q4_employment_status"":""employed"",""q6_country_residence"":""De"",""q9_ai_usage_frequency"":""6-10-times""}",2025-10-25 18:11:57.986523+00,46.128.86.15,mobile
3d042457-4f04-4d72-b388-1c90f054f89e,669818f4-1da9-4994-a22e-baad5bb73876,"{""q2_gender"":""female"",""q1_age_group"":""25-34"",""q3_education"":""master"",""q5_nationality"":""Vietnamese"",""q7_ai_familiarity"":5,""q8_attention_check"":1,""q10_additional_info"":""Google"",""q4_employment_status"":""employed"",""q6_country_residence"":""Germany"",""q9_ai_usage_frequency"":""6-10-times""}",2025-11-06 11:23:51.669203+00,2.203.159.228,mobile
3d77781d-be09-45a3-9dcb-92bf0f1d6a06,6f637ed5-c92f-4ab9-942a-b7e8b365e8e9,"{""q2_gender"":""female"",""q1_age_group"":""25-34"",""q3_education"":""master"",""q5_nationality"":""U"",""q7_ai_familiarity"":6,""q8_attention_check"":1,""q10_additional_info"":""Google "",""q4_employment_status"":""employed"",""q6_country_residence"":""D"",""q9_ai_usage_frequency"":""3-5-times""}",2025-10-24 12:21:40.161019+00,109.43.50.31,mobile
3efd84bc-0d91-405f-9841-1265c0965098,1ca312c1-1220-496a-85fb-3d59b52341bd,"{""q2_gender"":""female"",""q1_age_group"":""25-34"",""q3_education"":""master"",""q5_nationality"":""Turkish"",""q7_ai_familiarity"":5,""q8_attention_check"":4,""q10_additional_info"":""Amazon"",""q4_employment_status"":""student"",""q6_country_residence"":""Turkey"",""q9_ai_usage_frequency"":""3-5-times""}",2025-10-25 10:19:52.331127+00,82.207.150.162,mobile
3fc6ed7d-1631-42dc-acd9-d1ff33330539,9b95cd3d-0a2c-4f0b-8a62-f19726ffedd0,"{""q2_gender"":""female"",""q1_age_group"":""18-24"",""q3_education"":""high-school"",""q5_nationality"":""Slovak"",""q7_ai_familiarity"":5,""q8_attention_check"":1,""q10_additional_info"":""google"",""q4_employment_status"":""student"",""q6_country_residence"":""Slovakia"",""q9_ai_usage_frequency"":""more-than-10""}",2025-11-09 21:58:28.518759+00,90.64.78.67,desktop
40748ae4-99cc-4c78-82e1-e31f417563fb,31085946-b0c6-4068-83c2-c53b0ca8d20a,"{""q2_gender"":""female"",""q1_age_group"":""18-24"",""q3_education"":""high-school"",""q5_nationality"":""Italiana "",""q7_ai_familiarity"":7,""q8_attention_check"":7,""q10_additional_info"":""Amazon"",""q4_employment_status"":""student"",""q6_country_residence"":""Italia "",""q9_ai_usage_frequency"":""1-2-times""}",2025-10-29 09:36:42.191314+00,195.176.44.38,mobile
40ac268e-ed0e-4b5b-bafd-cf40465e0e6a,55a58766-6300-431d-ad37-f3efa37b0385,"{""q2_gender"":""male"",""q1_age_group"":""45-54"",""q3_education"":""bachelor"",""q5_nationality"":""Turkish"",""q7_ai_familiarity"":6,""q8_attention_check"":1,""q10_additional_info"":""Google"",""q4_employment_status"":""employed"",""q6_country_residence"":""TR"",""q9_ai_usage_frequency"":""more-than-10""}",2025-11-10 10:23:21.48191+00,5.25.2.96,desktop
46319295-45bf-41e3-9fdc-ec29d0172478,b64f74c1-f0b2-4cc4-8f56-3650aa9fa5ba,"{""q2_gender"":""prefer-not-to-say"",""q1_age_group"":""25-34"",""q3_education"":""master"",""q5_nationality"":""Turkish"",""q7_ai_familiarity"":7,""q8_attention_check"":1,""q10_additional_info"":""Amazon"",""q4_employment_status"":""student"",""q6_country_residence"":""Switzerland"",""q9_ai_usage_frequency"":""3-5-times""}",2025-11-13 10:21:16.971464+00,195.176.44.46,desktop
4810631a-df22-4870-a85a-0ed659f73b0e,62fcfbbd-4f1f-4829-9e4e-48426fa762c0,"{""q2_gender"":""female"",""q1_age_group"":""under-18"",""q3_education"":""high-school"",""q5_nationality"":""American"",""q7_ai_familiarity"":6,""q8_attention_check"":1,""q10_additional_info"":""Google"",""q4_employment_status"":""student"",""q6_country_residence"":""United States of America"",""q9_ai_usage_frequency"":""3-5-times""}",2025-10-25 22:09:18.872907+00,76.92.36.29,desktop
4cfd9d4f-3039-419b-9fcb-3dd0d507f5df,c03cfb72-188d-4677-ab8d-eacd1ea933d7,"{""q2_gender"":""male"",""q1_age_group"":""25-34"",""q3_education"":""bachelor"",""q5_nationality"":""India"",""q7_ai_familiarity"":6,""q8_attention_check"":1,""q10_additional_info"":""Amazon"",""q4_employment_status"":""employed"",""q6_country_residence"":""India"",""q9_ai_usage_frequency"":""1-2-times""}",2025-11-09 09:17:12.771333+00,103.44.0.245,desktop
4d159d6d-1c73-46fc-bb4a-29d17c248839,abbf10a4-e7cc-4b4c-af44-10c758bec7a8,"{""q2_gender"":""female"",""q1_age_group"":""25-34"",""q3_education"":""bachelor"",""q5_nationality"":""German"",""q7_ai_familiarity"":6,""q8_attention_check"":1,""q10_additional_info"":""Google, Amazon, Vinted"",""q4_employment_status"":""student"",""q6_country_residence"":""Germany"",""q9_ai_usage_frequency"":""1-2-times""}",2025-11-16 16:30:15.204247+00,176.7.4.133,desktop
4e2b2bd8-e369-47fc-95cf-08ea2e5f2a8b,3166c9d8-11cf-41e4-9f82-1868556a06d1,"{""q2_gender"":""female"",""q1_age_group"":""18-24"",""q3_education"":""bachelor"",""q5_nationality"":""italian "",""q7_ai_familiarity"":5,""q8_attention_check"":4,""q10_additional_info"":""google "",""q4_employment_status"":""student"",""q6_country_residence"":""italy"",""q9_ai_usage_frequency"":""1-2-times""}",2025-10-29 14:08:14.887639+00,64.64.108.37,mobile
4f41f3ad-1266-4920-937a-1be5db70be31,78c5f38e-ecce-40df-9a5a-fabf31dc8c61,"{""q2_gender"":""female"",""q1_age_group"":""18-24"",""q3_education"":""high-school"",""q5_nationality"":""Ukrainian"",""q7_ai_familiarity"":6,""q8_attention_check"":1,""q10_additional_info"":""google"",""q4_employment_status"":""employed"",""q6_country_residence"":""Lithuania"",""q9_ai_usage_frequency"":""more-than-10""}",2025-11-09 15:52:08.34855+00,188.69.11.179,desktop
538ae40a-1bbd-4d13-baab-b1cc5544f31c,35629500-b6de-4bd6-b17f-bdf9196153d1,"{""q2_gender"":""male"",""q1_age_group"":""35-44"",""q3_education"":""bachelor"",""q5_nationality"":""Turkish"",""q7_ai_familiarity"":7,""q8_attention_check"":1,""q10_additional_info"":""Google"",""q4_employment_status"":""employed"",""q6_country_residence"":""Deutschland"",""q9_ai_usage_frequency"":""more-than-10""}",2025-10-30 11:20:39.785886+00,93.240.108.147,desktop
5fba74e2-bf1e-4dbd-8488-134c68d7b6c8,e451c4cc-bf0c-4bff-950f-e36de5e1cb55,"{""q2_gender"":""female"",""q1_age_group"":""25-34"",""q3_education"":""bachelor"",""q5_nationality"":""Italian"",""q7_ai_familiarity"":6,""q8_attention_check"":1,""q10_additional_info"":""Amazon"",""q4_employment_status"":""student"",""q6_country_residence"":""Italy"",""q9_ai_usage_frequency"":""3-5-times""}",2025-10-29 09:51:52.125473+00,195.176.44.39,mobile
6168cf3f-f2de-483f-9d75-6f0ac91a8cec,ed93edf3-2c16-4867-a887-08d626d83f15,"{""q2_gender"":""male"",""q1_age_group"":""25-34"",""q3_education"":""bachelor"",""q5_nationality"":""Germany"",""q7_ai_familiarity"":6,""q8_attention_check"":1,""q10_additional_info"":""Google"",""q4_employment_status"":""student"",""q6_country_residence"":""Germany"",""q9_ai_usage_frequency"":""3-5-times""}",2025-11-10 10:27:13.389641+00,80.187.83.234,mobile
66644423-1be0-4d18-a051-f099f471892f,f5e6f1b0-b148-4360-b6c6-56123f358522,"{""q2_gender"":""female"",""q1_age_group"":""18-24"",""q3_education"":""bachelor"",""q5_nationality"":""Indian"",""q7_ai_familiarity"":7,""q8_attention_check"":1,""q10_additional_info"":""Google"",""q4_employment_status"":""self-employed"",""q6_country_residence"":""India"",""q9_ai_usage_frequency"":""0-times""}",2025-11-09 11:32:03.944536+00,49.36.114.43,desktop
692fe537-1d26-4912-8d44-5f1eaca1f72b,5d65911a-4d19-4d5a-80b3-8339fd60c6b0,"{""q2_gender"":""female"",""q1_age_group"":""18-24"",""q3_education"":""bachelor"",""q5_nationality"":""Portuguese"",""q7_ai_familiarity"":5,""q8_attention_check"":1,""q10_additional_info"":""Google"",""q4_employment_status"":""student"",""q6_country_residence"":""Portugal"",""q9_ai_usage_frequency"":""3-5-times""}",2025-11-08 23:05:24.75539+00,87.103.17.3,mobile
715431bc-c4e9-4970-bbf0-edc130c50b3d,9b1ae3c8-a3b1-4ca0-a409-4681a4e01d03,"{""q2_gender"":""male"",""q1_age_group"":""18-24"",""q3_education"":""high-school"",""q5_nationality"":""singaporean"",""q7_ai_familiarity"":7,""q8_attention_check"":1,""q10_additional_info"":""google"",""q4_employment_status"":""student"",""q6_country_residence"":""singapore"",""q9_ai_usage_frequency"":""more-than-10""}",2025-11-09 06:55:49.299679+00,103.252.200.128,desktop
780b64df-db5e-49e9-86f1-7156eda1485b,00b152ed-d063-48d0-a8e2-ac2a7ed8103a,"{""q2_gender"":""male"",""q1_age_group"":""25-34"",""q3_education"":""high-school"",""q5_nationality"":""italian"",""q7_ai_familiarity"":6,""q8_attention_check"":1,""q10_additional_info"":""vinted"",""q4_employment_status"":""student"",""q6_country_residence"":""italy"",""q9_ai_usage_frequency"":""more-than-10""}",2025-10-29 09:56:59.359198+00,104.28.60.90,mobile
7aee4360-e3a6-4fea-b774-f34855f89c80,09e6255b-ed66-4eea-a314-104a08130ac0,"{""q2_gender"":""female"",""q1_age_group"":""35-44"",""q3_education"":""doctorate"",""q5_nationality"":""UK"",""q7_ai_familiarity"":7,""q8_attention_check"":1,""q10_additional_info"":""Google, Ebay, Etsy, ViaLibri"",""q4_employment_status"":""employed"",""q6_country_residence"":""UK"",""q9_ai_usage_frequency"":""more-than-10""}",2025-10-31 22:11:56.864775+00,129.67.117.187,desktop
7c329e4e-8f2a-4329-8006-d48dbbcd84b1,2e912156-c7b7-4268-8420-128a859c4876,"{""q2_gender"":""female"",""q1_age_group"":""25-34"",""q3_education"":""master"",""q5_nationality"":""Vietnamese-german"",""q7_ai_familiarity"":3,""q8_attention_check"":3,""q10_additional_info"":""Google"",""q4_employment_status"":""employed"",""q6_country_residence"":""Germany"",""q9_ai_usage_frequency"":""0-times""}",2025-10-26 15:45:12.277452+00,84.176.238.16,mobile
85335fea-98b5-4ea6-81c4-43314ec3a783,d2ea6e4c-6df2-4f19-a585-ca72553ba3f6,"{""q2_gender"":""female"",""q1_age_group"":""25-34"",""q3_education"":""bachelor"",""q5_nationality"":""uk"",""q7_ai_familiarity"":7,""q8_attention_check"":1,""q10_additional_info"":""amazon, asos"",""q4_employment_status"":""employed"",""q6_country_residence"":""scotland"",""q9_ai_usage_frequency"":""more-than-10""}",2025-10-25 19:53:28.440063+00,212.229.175.252,desktop
881ccdb0-b5ae-415d-ad82-b32a85af2e88,1f0df1be-a1ea-4080-90c3-230fe9e35174,"{""q2_gender"":""female"",""q1_age_group"":""18-24"",""q3_education"":""bachelor"",""q5_nationality"":""United States"",""q7_ai_familiarity"":6,""q8_attention_check"":1,""q10_additional_info"":""Google"",""q4_employment_status"":""student"",""q6_country_residence"":""United States"",""q9_ai_usage_frequency"":""more-than-10""}",2025-11-10 03:25:51.855943+00,108.2.105.241,desktop
8b5d9290-3907-4bac-8b13-f3a55c6510ee,847cef5d-5e01-40ea-b33b-c21db312423a,"{""q2_gender"":""female"",""q1_age_group"":""under-18"",""q3_education"":""high-school"",""q5_nationality"":""American"",""q7_ai_familiarity"":5,""q8_attention_check"":1,""q10_additional_info"":""Amazon, Google target"",""q4_employment_status"":""student"",""q6_country_residence"":""USA"",""q9_ai_usage_frequency"":""1-2-times""}",2025-11-08 23:39:17.936337+00,174.87.73.144,desktop
8e8449b8-a31e-45e4-be6a-b5cc052eb865,2c6b5f8e-3b3f-4b6e-9e0a-65aa6d357025,"{""q2_gender"":""female"",""q1_age_group"":""18-24"",""q3_education"":""high-school"",""q5_nationality"":""italia "",""q7_ai_familiarity"":5,""q8_attention_check"":1,""q10_additional_info"":""google"",""q4_employment_status"":""student"",""q6_country_residence"":""svizzera"",""q9_ai_usage_frequency"":""1-2-times""}",2025-10-29 09:59:06.411435+00,195.176.44.39,mobile
9241d589-2a14-4c0a-bb45-ce64ef3bdb7f,654c8ac1-4b3d-4b7f-b5f9-c8dbe2e50115,"{""q2_gender"":""female"",""q1_age_group"":""18-24"",""q3_education"":""high-school"",""q5_nationality"":""Swiss "",""q7_ai_familiarity"":6,""q8_attention_check"":4,""q10_additional_info"":""Google, Official website"",""q4_employment_status"":""student"",""q6_country_residence"":""Swiss "",""q9_ai_usage_frequency"":""more-than-10""}",2025-10-29 09:54:24.763568+00,195.176.44.39,mobile
9a3a12d7-923c-4277-af68-97b278cb14bf,bdba69c9-e97a-4414-bb6c-5d65ba2dba8e,"{""q2_gender"":""male"",""q1_age_group"":""18-24"",""q3_education"":""bachelor"",""q5_nationality"":""Italian"",""q7_ai_familiarity"":4,""q8_attention_check"":1,""q10_additional_info"":""Amazon"",""q4_employment_status"":""student"",""q6_country_residence"":""Switzerland/ Italy"",""q9_ai_usage_frequency"":""6-10-times""}",2025-10-29 09:45:15.038047+00,195.176.44.38,mobile
9a82ebd6-a7ae-4e11-a3cc-912ecc2b810d,96fb9542-8d19-4aa2-b14c-0ac78d75e363,"{""q2_gender"":""male"",""q1_age_group"":""35-44"",""q3_education"":""master"",""q5_nationality"":""test"",""q7_ai_familiarity"":7,""q8_attention_check"":7,""q10_additional_info"":""test"",""q4_employment_status"":""employed"",""q6_country_residence"":""test"",""q9_ai_usage_frequency"":""more-than-10""}",2025-11-15 20:59:56.517718+00,91.38.166.12,desktop
9cd43bca-75b0-47e3-b1ee-fa4e062db4d8,f4af8644-ec61-47f0-b946-d706c1c802b1,"{""q2_gender"":""female"",""q1_age_group"":""25-34"",""q3_education"":""master"",""q5_nationality"":""Nepalese"",""q7_ai_familiarity"":7,""q8_attention_check"":1,""q10_additional_info"":""Google, Safari "",""q4_employment_status"":""unemployed"",""q6_country_residence"":""Germany "",""q9_ai_usage_frequency"":""more-than-10""}",2025-10-27 16:25:58.131606+00,88.130.217.103,mobile
9e0a1c09-1a6d-4792-9836-ad6cee92152f,f4026161-a110-42b9-a308-94ad672ed15e,"{""q2_gender"":""female"",""q1_age_group"":""18-24"",""q3_education"":""bachelor"",""q5_nationality"":""Italian"",""q7_ai_familiarity"":7,""q8_attention_check"":1,""q10_additional_info"":""Amazon"",""q4_employment_status"":""unemployed"",""q6_country_residence"":""Italy"",""q9_ai_usage_frequency"":""more-than-10""}",2025-10-29 09:45:06.850427+00,195.176.44.39,mobile
a0a4fb21-7a47-42ee-b6e1-aabeb73f89a3,696139aa-8263-4f8f-a701-241c7350d222,"{""q2_gender"":""female"",""q1_age_group"":""18-24"",""q3_education"":""master"",""q5_nationality"":""China"",""q7_ai_familiarity"":6,""q8_attention_check"":1,""q10_additional_info"":""rednote，Taobao"",""q4_employment_status"":""student"",""q6_country_residence"":""China"",""q9_ai_usage_frequency"":""6-10-times""}",2025-11-11 05:06:47.922514+00,50.7.253.114,desktop
a1a978a4-b86f-4763-891d-a5f3a68d2834,5addaa61-1640-4204-b112-292aa59a9ae2,"{""q2_gender"":""female"",""q1_age_group"":""18-24"",""q3_education"":""bachelor"",""q5_nationality"":""Autrian"",""q7_ai_familiarity"":7,""q8_attention_check"":1,""q10_additional_info"":""Amazon, Google"",""q4_employment_status"":""student"",""q6_country_residence"":""Czech Republic"",""q9_ai_usage_frequency"":""6-10-times""}",2025-11-09 11:11:03.597654+00,78.80.96.150,desktop
a4b1dd56-342c-4508-acfd-7fdbdd8aec26,859dd8e7-596e-4f39-a09c-9f2a740dcce9,"{""q2_gender"":""female"",""q1_age_group"":""25-34"",""q3_education"":""master"",""q5_nationality"":""Vietnamese"",""q7_ai_familiarity"":7,""q8_attention_check"":1,""q10_additional_info"":""Google, Amazon"",""q4_employment_status"":""employed"",""q6_country_residence"":""Germany"",""q9_ai_usage_frequency"":""more-than-10""}",2025-10-24 11:07:53.812269+00,91.38.166.12,desktop
a7bcf17d-93d9-4c16-bca8-455f7e1f84d3,eacab3dc-c1f8-45ed-b9b8-1437405098f4,"{""q2_gender"":""male"",""q1_age_group"":""18-24"",""q3_education"":""high-school"",""q5_nationality"":""US"",""q7_ai_familiarity"":6,""q8_attention_check"":1,""q10_additional_info"":""Google"",""q4_employment_status"":""student"",""q6_country_residence"":""US"",""q9_ai_usage_frequency"":""6-10-times""}",2025-11-09 20:37:21.211837+00,184.180.182.182,desktop
a94a78e0-75c2-4a85-a997-d9c864b435a3,819b9a0d-1a04-421f-bc67-6629df6fe9d1,"{""q2_gender"":""male"",""q1_age_group"":""under-18"",""q3_education"":""high-school"",""q5_nationality"":""Dutch"",""q7_ai_familiarity"":6,""q8_attention_check"":1,""q10_additional_info"":""Google"",""q4_employment_status"":""unemployed"",""q6_country_residence"":""The Netherlands"",""q9_ai_usage_frequency"":""3-5-times""}",2025-11-09 14:34:05.549335+00,82.151.171.206,desktop
ab072f92-4aeb-462a-aa89-bc71d668e2d3,6bcd4876-2968-4f4f-b911-115ef1247887,"{""q2_gender"":""male"",""q1_age_group"":""25-34"",""q3_education"":""bachelor"",""q5_nationality"":""Polish"",""q7_ai_familiarity"":4,""q8_attention_check"":1,""q10_additional_info"":""Google"",""q4_employment_status"":""employed"",""q6_country_residence"":""Poland"",""q9_ai_usage_frequency"":""3-5-times""}",2025-11-02 11:07:18.758385+00,80.49.165.148,desktop
ab3679ab-945b-4f76-84e5-c9af2b1c4e31,4dcc9b23-76a3-4f5f-a656-04aa5e6082d5,"{""q2_gender"":""female"",""q1_age_group"":""25-34"",""q3_education"":""master"",""q5_nationality"":""Canadian"",""q7_ai_familiarity"":7,""q8_attention_check"":1,""q10_additional_info"":""google"",""q4_employment_status"":""self-employed"",""q6_country_residence"":""Canada"",""q9_ai_usage_frequency"":""0-times""}",2025-11-10 14:03:00.968785+00,64.251.52.204,desktop
ae684455-f889-471f-85d6-41cb71db3f7d,8503f49a-3c92-4f27-925f-ed796566f376,"{""q2_gender"":""female"",""q1_age_group"":""25-34"",""q3_education"":""bachelor"",""q5_nationality"":""Vietnam "",""q7_ai_familiarity"":6,""q8_attention_check"":1,""q10_additional_info"":""Google, E-commerce site (Shopee), Tiktok Shop, Chat GPT "",""q4_employment_status"":""unemployed"",""q6_country_residence"":""Vietnam "",""q9_ai_usage_frequency"":""6-10-times""}",2025-10-23 14:35:43.563159+00,115.73.211.57,desktop
b0b91f4f-977e-476f-9bac-235144ed3534,c20230fe-0272-445f-8e25-c2db6002de99,"{""q2_gender"":""female"",""q1_age_group"":""25-34"",""q3_education"":""bachelor"",""q5_nationality"":""Dutch "",""q7_ai_familiarity"":5,""q8_attention_check"":1,""q10_additional_info"":""Google"",""q4_employment_status"":""student"",""q6_country_residence"":""NL"",""q9_ai_usage_frequency"":""1-2-times""}",2025-11-08 23:33:45.141477+00,84.87.189.187,mobile
b1b850f9-4320-433f-a9b5-8654238f365d,a88a0c32-59d8-4129-b725-1a7f82c13cb6,"{""q2_gender"":""male"",""q1_age_group"":""under-18"",""q3_education"":""high-school"",""q5_nationality"":""American"",""q7_ai_familiarity"":4,""q8_attention_check"":1,""q10_additional_info"":""Amazon"",""q4_employment_status"":""student"",""q6_country_residence"":""USA"",""q9_ai_usage_frequency"":""3-5-times""}",2025-11-10 04:01:53.761777+00,76.33.233.173,desktop
b2492a3b-f7dd-424a-9748-0f8b232ea83d,ac6d4f7a-778d-4320-89e7-044484936156,"{""q2_gender"":""male"",""q1_age_group"":""18-24"",""q3_education"":""bachelor"",""q5_nationality"":""Sweden"",""q7_ai_familiarity"":6,""q8_attention_check"":1,""q10_additional_info"":""Google, Amazon and AI LLM"",""q4_employment_status"":""student"",""q6_country_residence"":""Sweden"",""q9_ai_usage_frequency"":""3-5-times""}",2025-11-09 08:16:17.073754+00,188.149.227.124,desktop
b29eebcf-36cf-4519-a368-0709056973de,b3098529-2d82-46a7-8fc0-f2d770a6769e,"{""q2_gender"":""female"",""q1_age_group"":""18-24"",""q3_education"":""master"",""q5_nationality"":""USA"",""q7_ai_familiarity"":7,""q8_attention_check"":1,""q10_additional_info"":""Google/price comparators"",""q4_employment_status"":""employed"",""q6_country_residence"":""Switzerland "",""q9_ai_usage_frequency"":""more-than-10""}",2025-10-29 08:45:50.791513+00,195.176.44.39,mobile
b2a5ea25-3599-4275-8b3c-832f7bfad245,6ebbbfba-e9cf-43c3-ae8d-d4b1403e558a,"{""q2_gender"":""prefer-not-to-say"",""q1_age_group"":""55-and-above"",""q3_education"":""doctorate"",""q5_nationality"":""test"",""q7_ai_familiarity"":3,""q8_attention_check"":2,""q10_additional_info"":""test"",""q4_employment_status"":""other"",""q6_country_residence"":""test"",""q9_ai_usage_frequency"":""more-than-10""}",2025-10-25 20:05:49.168408+00,91.38.166.12,desktop
b5255e65-3357-41cb-a42e-707ed9506ec5,965c5f1c-2039-4805-bd01-e3464c2c5d67,"{""q2_gender"":""female"",""q1_age_group"":""18-24"",""q3_education"":""high-school"",""q5_nationality"":""Korean"",""q7_ai_familiarity"":5,""q8_attention_check"":1,""q10_additional_info"":""Walmart"",""q4_employment_status"":""student"",""q6_country_residence"":""United States"",""q9_ai_usage_frequency"":""0-times""}",2025-10-31 19:40:22.366341+00,168.150.99.77,mobile
b669f16c-2e0b-4b47-be8d-1926b8459264,c1f0ba55-5c73-4fea-9787-42583c2823aa,"{""q2_gender"":""female"",""q1_age_group"":""25-34"",""q3_education"":""bachelor"",""q5_nationality"":""Filipino"",""q7_ai_familiarity"":7,""q8_attention_check"":1,""q10_additional_info"":""Shopee"",""q4_employment_status"":""self-employed"",""q6_country_residence"":""Philippines"",""q9_ai_usage_frequency"":""more-than-10""}",2025-11-09 00:09:40.682662+00,49.145.217.184,desktop
b67bfa42-be2b-4825-926a-0927ee9f5534,b5dbd018-b2de-4cbf-9529-37bf98cab680,"{""q2_gender"":""female"",""q1_age_group"":""25-34"",""q3_education"":""bachelor"",""q5_nationality"":""Vietnam"",""q7_ai_familiarity"":7,""q8_attention_check"":5,""q10_additional_info"":""Google"",""q4_employment_status"":""employed"",""q6_country_residence"":""Vietnam"",""q9_ai_usage_frequency"":""more-than-10""}",2025-10-24 09:32:58.107784+00,104.30.161.158,desktop
b80dd818-4c90-4640-95ec-2d683873a27d,f888f80f-bed9-4621-b62e-d85d018ad6e0,"{""q2_gender"":""male"",""q1_age_group"":""18-24"",""q3_education"":""bachelor"",""q5_nationality"":""British/Italian"",""q7_ai_familiarity"":7,""q8_attention_check"":1,""q10_additional_info"":""Amazon"",""q4_employment_status"":""student"",""q6_country_residence"":""Switzerland"",""q9_ai_usage_frequency"":""more-than-10""}",2025-10-29 09:44:27.428618+00,195.176.44.39,mobile
b8ec80fa-009c-4d16-93db-d2fb839eff4c,887f2d30-0918-40a9-8210-55efb4c82d4b,"{""q2_gender"":""male"",""q1_age_group"":""25-34"",""q3_education"":""bachelor"",""q5_nationality"":""Vietnam"",""q7_ai_familiarity"":7,""q8_attention_check"":1,""q10_additional_info"":""Google, TikTok, Facebook"",""q4_employment_status"":""employed"",""q6_country_residence"":""Ho Chi Minh City"",""q9_ai_usage_frequency"":""more-than-10""}",2025-10-24 10:08:28.747894+00,104.30.161.158,desktop
c3a88ea5-5746-4d76-bbd5-e115014557d6,9011e52c-69c5-4e69-8fee-0b124371e6da,"{""q2_gender"":""male"",""q1_age_group"":""25-34"",""q3_education"":""master"",""q5_nationality"":""Turkish"",""q7_ai_familiarity"":7,""q8_attention_check"":1,""q10_additional_info"":""Google, amazon, zalando, nike"",""q4_employment_status"":""employed"",""q6_country_residence"":""Germany"",""q9_ai_usage_frequency"":""more-than-10""}",2025-10-24 19:16:17.099062+00,46.128.11.182,mobile
c3ede6dd-1ffa-4f42-94d5-ae5f3b13e129,ace0e0c2-5c65-4de7-b47e-44beea72844a,"{""q2_gender"":""female"",""q1_age_group"":""35-44"",""q3_education"":""bachelor"",""q5_nationality"":""DE"",""q7_ai_familiarity"":7,""q8_attention_check"":1,""q10_additional_info"":""Google or directly on target shop website"",""q4_employment_status"":""self-employed"",""q6_country_residence"":""DE"",""q9_ai_usage_frequency"":""6-10-times""}",2025-10-26 09:41:45.692003+00,86.62.29.138,desktop
c868157e-9b27-438f-8cf6-64a0f504993d,d6b9ed83-fd24-4816-90a5-d25d61a1048f,"{""q2_gender"":""male"",""q1_age_group"":""18-24"",""q3_education"":""master"",""q5_nationality"":""Scottish"",""q7_ai_familiarity"":6,""q8_attention_check"":1,""q10_additional_info"":""Google, amazon"",""q4_employment_status"":""student"",""q6_country_residence"":""Scotland"",""q9_ai_usage_frequency"":""3-5-times""}",2025-11-10 13:21:46.031399+00,130.159.237.31,desktop
c9a45cf6-bfbb-4244-91b3-89d77d3a1982,967dd793-277b-4b40-a2c4-73ada58bca1b,"{""q2_gender"":""male"",""q1_age_group"":""18-24"",""q3_education"":""bachelor"",""q5_nationality"":""Vietnamese"",""q7_ai_familiarity"":5,""q8_attention_check"":5,""q10_additional_info"":""Commercial apps"",""q4_employment_status"":""employed"",""q6_country_residence"":""Vietnam"",""q9_ai_usage_frequency"":""6-10-times""}",2025-10-27 05:32:48.944048+00,115.78.234.253,mobile
ccb0d823-328d-4afa-92a2-fff06d90356c,35f58cd5-b9a5-4132-a94d-8fcad2800a59,"{""q2_gender"":""female"",""q1_age_group"":""35-44"",""q3_education"":""bachelor"",""q5_nationality"":""Kazakh "",""q7_ai_familiarity"":6,""q8_attention_check"":1,""q10_additional_info"":""Google "",""q4_employment_status"":""student"",""q6_country_residence"":""Germany"",""q9_ai_usage_frequency"":""more-than-10""}",2025-10-24 19:13:03.589983+00,46.5.2.111,mobile
ccbe9e09-e14d-42f2-ab9e-fba4320bbb56,e735e6de-c6c4-4eb8-96c1-1a1e77104d72,"{""q2_gender"":""female"",""q1_age_group"":""25-34"",""q3_education"":""bachelor"",""q5_nationality"":""Colombia"",""q7_ai_familiarity"":6,""q8_attention_check"":1,""q10_additional_info"":""Amazon"",""q4_employment_status"":""employed"",""q6_country_residence"":""Germany "",""q9_ai_usage_frequency"":""3-5-times""}",2025-11-10 20:28:30.83666+00,91.49.150.27,mobile
d33ea1de-eafc-41bf-bbc9-725fe6e3eb57,2e601dd7-863d-4b9b-a60a-a7d2cfa821e8,"{""q2_gender"":""male"",""q1_age_group"":""18-24"",""q3_education"":""bachelor"",""q5_nationality"":""Italian"",""q7_ai_familiarity"":5,""q8_attention_check"":4,""q10_additional_info"":""Amazon "",""q4_employment_status"":""student"",""q6_country_residence"":""Switzerland "",""q9_ai_usage_frequency"":""6-10-times""}",2025-10-29 16:31:20.991075+00,194.230.145.189,mobile
d3f31126-e357-4fd9-a1db-8c65e45d35b3,b7e0030e-cc74-453a-9186-ede34c614f1f,"{""q2_gender"":""female"",""q1_age_group"":""under-18"",""q3_education"":""high-school"",""q5_nationality"":""Bangladeshi"",""q7_ai_familiarity"":6,""q8_attention_check"":1,""q10_additional_info"":""Google"",""q4_employment_status"":""student"",""q6_country_residence"":""Canada"",""q9_ai_usage_frequency"":""1-2-times""}",2025-11-09 20:04:51.772858+00,209.161.198.196,desktop
d3ff6b15-753a-4a3e-b84d-d41c79ed5c8e,749fc4a3-e119-45b2-9566-9f94db61a02c,"{""q2_gender"":""male"",""q1_age_group"":""25-34"",""q3_education"":""bachelor"",""q5_nationality"":""Sri Lankan"",""q7_ai_familiarity"":6,""q8_attention_check"":1,""q10_additional_info"":""Google"",""q4_employment_status"":""employed"",""q6_country_residence"":""Germany"",""q9_ai_usage_frequency"":""more-than-10""}",2025-10-24 16:34:26.115025+00,94.134.181.60,desktop
d5a56ee8-a3e0-4995-861c-f3a7e5910f53,cf3618a7-68f2-404d-86b7-6070fd32f54d,"{""q2_gender"":""female"",""q1_age_group"":""25-34"",""q3_education"":""bachelor"",""q5_nationality"":""Vietnam"",""q7_ai_familiarity"":6,""q8_attention_check"":1,""q10_additional_info"":""Google, Ecommerce site (Shopee), Tiktok, Chat GPT"",""q4_employment_status"":""unemployed"",""q6_country_residence"":""Vietnam"",""q9_ai_usage_frequency"":""6-10-times""}",2025-10-23 14:39:24.346217+00,115.78.236.251,desktop
d93521b6-f3f9-474b-a66c-13b6cf1c6da8,38d37141-0e01-4401-9b70-9692953647a1,"{""q2_gender"":""female"",""q1_age_group"":""under-18"",""q3_education"":""high-school"",""q5_nationality"":""Romanian"",""q7_ai_familiarity"":5,""q8_attention_check"":7,""q10_additional_info"":""Pinterest "",""q4_employment_status"":""student"",""q6_country_residence"":""Germany"",""q9_ai_usage_frequency"":""more-than-10""}",2025-11-07 15:14:49.769962+00,47.64.115.13,mobile
d94e61c7-ae67-48ac-ba6a-66ecf8ec5900,a02da735-7361-475e-ab5c-8c0ed8434e6e,"{""q2_gender"":""female"",""q1_age_group"":""25-34"",""q3_education"":""master"",""q5_nationality"":""Turkish"",""q7_ai_familiarity"":6,""q8_attention_check"":1,""q10_additional_info"":""Amazon"",""q4_employment_status"":""student"",""q6_country_residence"":""Germany"",""q9_ai_usage_frequency"":""more-than-10""}",2025-10-24 19:17:09.882814+00,84.150.64.19,desktop
df521560-7d32-465b-95e0-7dc532caa70c,63033153-4070-4ca7-b1d3-6b10c2c89f8f,"{""q2_gender"":""female"",""q1_age_group"":""18-24"",""q3_education"":""bachelor"",""q5_nationality"":""Swiss"",""q7_ai_familiarity"":5,""q8_attention_check"":1,""q10_additional_info"":""Zalando, Galaxus, Top price"",""q4_employment_status"":""student"",""q6_country_residence"":""Switzerland (Schweiz)"",""q9_ai_usage_frequency"":""6-10-times""}",2025-10-29 13:02:55.074071+00,195.176.44.42,desktop
e44f6746-d81b-4ba2-a642-3ed16f3a5f2b,7cc886f4-7dba-4ad7-b7e9-b321b8cda505,"{""q2_gender"":""prefer-not-to-say"",""q1_age_group"":""55-and-above"",""q3_education"":""doctorate"",""q5_nationality"":""Test"",""q7_ai_familiarity"":1,""q8_attention_check"":1,""q10_additional_info"":""Test"",""q4_employment_status"":""unemployed"",""q6_country_residence"":""Test"",""q9_ai_usage_frequency"":""more-than-10""}",2025-10-26 15:38:41.545273+00,95.91.234.63,mobile
ec573631-baab-495a-929f-77316557d644,403feef5-647d-4a34-a15a-c4bdc29fb2c2,"{""q2_gender"":""female"",""q1_age_group"":""18-24"",""q3_education"":""high-school"",""q5_nationality"":""Latvian"",""q7_ai_familiarity"":5,""q8_attention_check"":1,""q10_additional_info"":""Google"",""q4_employment_status"":""student"",""q6_country_residence"":""Latvia"",""q9_ai_usage_frequency"":""0-times""}",2025-11-09 14:56:32.24333+00,77.38.136.74,desktop
eca76884-a0fb-4fc6-bf42-a476f042ebd5,2afa9961-1844-49e8-80fc-444466532f46,"{""q2_gender"":""female"",""q1_age_group"":""25-34"",""q3_education"":""master"",""q5_nationality"":""Russian"",""q7_ai_familiarity"":6,""q8_attention_check"":6,""q10_additional_info"":""Google"",""q4_employment_status"":""unemployed"",""q6_country_residence"":""Russia"",""q9_ai_usage_frequency"":""0-times""}",2025-10-24 17:08:04.1053+00,2a00:1370:8180:f390:10f5:bcf9:8f0:be3f,mobile
ecd5b729-0c84-45f4-b3ca-0b3d7037e658,8ffd4956-2bd8-4e9a-8b59-8b1577e0faae,"{""q2_gender"":""female"",""q1_age_group"":""25-34"",""q3_education"":""bachelor"",""q5_nationality"":""Pakistan "",""q7_ai_familiarity"":6,""q8_attention_check"":1,""q10_additional_info"":""Pinterest "",""q4_employment_status"":""student"",""q6_country_residence"":""Pakistan "",""q9_ai_usage_frequency"":""1-2-times""}",2025-11-09 06:47:33.350595+00,182.182.19.190,mobile
ed338abb-6d43-4a25-92e3-0b316927b41e,80188f08-8c28-4ab9-878d-07eae49d8daa,"{""q2_gender"":""male"",""q1_age_group"":""25-34"",""q3_education"":""master"",""q5_nationality"":""Taiwan"",""q7_ai_familiarity"":7,""q8_attention_check"":1,""q10_additional_info"":""Shopee"",""q4_employment_status"":""student"",""q6_country_residence"":""Taiwan"",""q9_ai_usage_frequency"":""more-than-10""}",2025-11-09 18:46:22.047023+00,118.167.79.121,desktop
ee14b002-b806-46c2-a634-07e970b26021,3beee5db-499b-4741-b3ea-72c6f17ffb86,"{""q2_gender"":""female"",""q1_age_group"":""25-34"",""q3_education"":""bachelor"",""q5_nationality"":""Vietnamese"",""q7_ai_familiarity"":6,""q8_attention_check"":1,""q10_additional_info"":""Shoppe"",""q4_employment_status"":""employed"",""q6_country_residence"":""Vietnam"",""q9_ai_usage_frequency"":""more-than-10""}",2025-10-24 08:55:18.954744+00,104.30.161.158,desktop
f03ad121-8bd9-48d7-8881-729e2cefce1c,d979481f-3576-40a8-9fe3-f7a8af66bb6a,"{""q2_gender"":""male"",""q1_age_group"":""35-44"",""q3_education"":""master"",""q5_nationality"":""German"",""q7_ai_familiarity"":5,""q8_attention_check"":1,""q10_additional_info"":""Google"",""q4_employment_status"":""employed"",""q6_country_residence"":""Germany"",""q9_ai_usage_frequency"":""3-5-times""}",2025-11-06 22:05:50.533458+00,80.49.165.148,desktop
f2168c51-fac2-4657-abcd-52c5d0a9d940,7e98bf79-6d68-49e3-a639-e87289460987,"{""q2_gender"":""male"",""q1_age_group"":""25-34"",""q3_education"":""master"",""q5_nationality"":""German"",""q7_ai_familiarity"":5,""q8_attention_check"":1,""q10_additional_info"":""Google"",""q4_employment_status"":""employed"",""q6_country_residence"":""Germany"",""q9_ai_usage_frequency"":""6-10-times""}",2025-10-25 12:42:32.224182+00,146.52.229.17,mobile
f2a752b4-1fb5-4728-9213-8d078b51700a,d6092869-e9a5-4b33-919d-636fffa78398,"{""q2_gender"":""male"",""q1_age_group"":""45-54"",""q3_education"":""master"",""q5_nationality"":""Türkiye "",""q7_ai_familiarity"":4,""q8_attention_check"":1,""q10_additional_info"":""Google"",""q4_employment_status"":""other"",""q6_country_residence"":""Türkiye "",""q9_ai_usage_frequency"":""0-times""}",2025-10-25 09:42:46.499717+00,78.175.54.8,mobile
f2ca4f26-ea61-4488-a6b5-7bce5d380317,a4b2a762-b616-4580-958d-1db1b8f44d8e,"{""q2_gender"":""male"",""q1_age_group"":""18-24"",""q3_education"":""high-school"",""q5_nationality"":""Italian"",""q7_ai_familiarity"":3,""q8_attention_check"":1,""q10_additional_info"":""Google, Amazon "",""q4_employment_status"":""student"",""q6_country_residence"":""Switzerland "",""q9_ai_usage_frequency"":""3-5-times""}",2025-10-29 10:12:41.510501+00,37.159.107.233,mobile
f514c18e-aef2-4117-a830-2411dd1b4b7d,4a817424-a6d0-4029-b2d6-f9a1ee95db6a,"{""q2_gender"":""female"",""q1_age_group"":""25-34"",""q3_education"":""master"",""q5_nationality"":""Vietnamese"",""q7_ai_familiarity"":5,""q8_attention_check"":1,""q10_additional_info"":""Google"",""q4_employment_status"":""employed"",""q6_country_residence"":""Germany"",""q9_ai_usage_frequency"":""more-than-10""}",2025-10-25 12:22:01.934973+00,146.52.229.17,mobile
f86a23bd-c3d7-4b31-bd71-64c35d17f73b,66b39dac-7437-45e0-aaf3-945e66aca6cb,"{""q2_gender"":""male"",""q1_age_group"":""18-24"",""q3_education"":""bachelor"",""q5_nationality"":""fef"",""q7_ai_familiarity"":4,""q8_attention_check"":4,""q10_additional_info"":""Google"",""q4_employment_status"":""employed"",""q6_country_residence"":""fe"",""q9_ai_usage_frequency"":""1-2-times""}",2025-10-24 16:48:20.310725+00,94.134.181.60,desktop
f9bbf2fd-2598-4421-8f2a-248dfc6cca5c,8c4462ee-c971-44f2-8565-f958c8b0095e,"{""q2_gender"":""male"",""q1_age_group"":""35-44"",""q3_education"":""bachelor"",""q5_nationality"":""portuguese"",""q7_ai_familiarity"":6,""q8_attention_check"":1,""q10_additional_info"":""google"",""q4_employment_status"":""employed"",""q6_country_residence"":""portugal"",""q9_ai_usage_frequency"":""3-5-times""}",2025-11-09 03:53:45.819094+00,37.140.223.28,desktop
fa369692-e8b9-48e8-909a-170f089e67c6,a8f43d95-44c7-4673-ba52-c8d904b1c1d4,"{""q2_gender"":""female"",""q1_age_group"":""35-44"",""q3_education"":""doctorate"",""q5_nationality"":""Hungarian "",""q7_ai_familiarity"":7,""q8_attention_check"":1,""q10_additional_info"":""Google "",""q4_employment_status"":""employed"",""q6_country_residence"":""Hungary "",""q9_ai_usage_frequency"":""more-than-10""}",2025-10-25 19:56:26.868343+00,84.0.104.92,mobile
faf903b9-d625-47fa-a8a5-df8b43976cb6,1aa168b9-88f3-49f4-980d-e3bd77f22246,"{""q2_gender"":""male"",""q1_age_group"":""18-24"",""q3_education"":""bachelor"",""q5_nationality"":""Italian"",""q7_ai_familiarity"":7,""q8_attention_check"":6,""q10_additional_info"":""Amazon google"",""q4_employment_status"":""unemployed"",""q6_country_residence"":""Switzerland"",""q9_ai_usage_frequency"":""more-than-10""}",2025-10-29 09:55:58.782891+00,195.176.44.39,mobile
fc581cf1-7b3f-457d-8cbc-faffea4a75bf,84dc1ce4-09c3-4798-9aa0-754802950e3f,"{""q2_gender"":""female"",""q1_age_group"":""55-and-above"",""q3_education"":""master"",""q5_nationality"":""usa"",""q7_ai_familiarity"":6,""q8_attention_check"":1,""q10_additional_info"":""walmart, amazon"",""q4_employment_status"":""student"",""q6_country_residence"":""usa"",""q9_ai_usage_frequency"":""1-2-times""}",2025-10-29 10:21:11.212261+00,65.61.74.174,desktop
fd5c723e-33d1-4bb6-97f0-b561673e4cc2,2d8dd1db-9d38-49e0-bf03-5b4735523d27,"{""q2_gender"":""female"",""q1_age_group"":""18-24"",""q3_education"":""high-school"",""q5_nationality"":""Swiss"",""q7_ai_familiarity"":7,""q8_attention_check"":4,""q10_additional_info"":""Google, tiktok, official website"",""q4_employment_status"":""student"",""q6_country_residence"":""Switzerland"",""q9_ai_usage_frequency"":""more-than-10""}",2025-10-29 09:54:21.050268+00,172.225.188.246,mobile